Place,State
Torrington,CT
Chicago,IL
Naperville,IL
Des Plaines,IL
Downers Grove,IL
Carbondale,IL
Evanston,IL
Skokie,IL
Elgin,IL
Schaumburg,IL
Urbana,IL
Bloomington,IL
Canton,IL
Centralia,IL
Champaign,IL
Charleston,IL
Mattoon,IL
Bolingbrook,IL
Danville,IL
Decatur,IL
Dixon,IL
Effingham,IL
Freeport,IL
Galesburg,IL
Jacksonville,IL
Kankakee,IL
Lincoln,IL
Macomb,IL
Marion,IL
Herrin,IL
Mount Vernon,IL
Ottawa,IL
Peoria,IL
Pontiac,IL
Rochelle,IL
Rockford,IL
Springfield,IL
Sterling,IL
Taylorville,IL
Quincy,IL
Lafayette,IN
West Lafayette,IN
Bloomington,IN
Indianapolis,IN
Richmond,IN
Muncie,IN
South Bend,IN
Evansville,IN
Fort Wayne,IN
Goshen,IN
Carmel,IN
Michigan City,IN
Angola,IN
Auburn,IN
Bedford,IN
Columbus,IN
Connersville,IN
Crawfordsville,IN
Decatur,IN
Elkhart,IN
Frankfort,IN
Greencastle,IN
Greensburg,IN
Huntington,IN
Anderson,IN
Greenwood,IN
Jasper,IN
Kendallville,IN
Kokomo,IN
Logansport,IN
Madison,IN
Marion,IN
La Porte,IN
Monticello,IN
New Castle,IN
Peru,IN
Plymouth,IN
Seymour,IN
Mishawaka,IN
Terre Haute,IN
Vincennes,IN
Wabash,IN
Warsaw,IN
Washington,IN
Augusta,ME
Waterville,ME
Bangor,ME
Lewiston,ME
Auburn,ME
Worcester,MA
Northampton,MA
Fitchburg,MA
Amherst Town,MA
Greenfield,MA
Pittsfield,MA
Holyoke,MA
Springfield,MA
Leominster,MA
Kalamazoo,MI
Ann Arbor,MI
Detroit,MI
Lansing,MI
Battle Creek,MI
Jackson,MI
Traverse City,MI
East Lansing,MI
Adrian,MI
Alma,MI
Alpena,MI
Bay City,MI
Big Rapids,MI
Cadillac,MI
Coldwater,MI
Dearborn,MI
Livonia,MI
Troy,MI
Farmington Hills,MI
Warren,MI
Novi,MI
Pontiac,MI
Southfield,MI
Escanaba,MI
Flint,MI
Grand Rapids,MI
Kentwood,MI
Wyoming,MI
Hillsdale,MI
Holland,MI
Houghton,MI
Portage,MI
Ludington,MI
Marquette,MI
Midland,MI
Monroe,MI
Mount Pleasant,MI
Muskegon,MI
Norton Shores,MI
Niles,MI
Owosso,MI
Petoskey,MI
Saginaw,MI
Sault Ste. Marie,MI
Sturgis,MI
Iron Mountain,MI
Minneapolis,MN
Edina,MN
Northfield,MN
Saint Paul,MN
Faribault,MN
St. Cloud,MN
Albert Lea,MN
Duluth,MN
Burnsville,MN
St. Louis Park,MN
Rochester,MN
Red Wing,MN
Minnetonka,MN
Eden Prairie,MN
Alexandria,MN
Austin,MN
Bemidji,MN
Brainerd,MN
Detroit Lakes,MN
Fairmont,MN
Fergus Falls,MN
Grand Rapids,MN
Hutchinson,MN
Mankato,MN
Marshall,MN
Bloomington,MN
Eagan,MN
Plymouth,MN
New Ulm,MN
Owatonna,MN
Willmar,MN
Winona,MN
Worthington,MN
Concord,NH
Nashua,NH
Hanover,NH
Keene,NH
Laconia,NH
Manchester,NH
Lebanon,NH
Claremont,NH
Rochester,NY
Albany,NY
Schenectady,NY
Kingston,NY
Binghamton,NY
Oneonta,NY
Troy,NY
Amsterdam,NY
Auburn,NY
Batavia,NY
Buffalo,NY
Cheektowaga,NY
Lowell,MA
Newton,MA
Brockton,MA
Attleboro,MA
North Attleborough Town,MA
Corning,NY
Cortland,NY
Elmira,NY
Glens Falls,NY
Gloversville,NY
Hudson,NY
Ithaca,NY
Jamestown,NY
Dunkirk,NY
Poughkeepsie,NY
Newburgh,NY
Kiryas Joel,NY
Woodbury,NY
Ogdensburg,NY
Massena,NY
Monticello,NY
Olean,NY
Plattsburgh,NY
Seneca Falls,NY
Syracuse,NY
Rome,NY
Utica,NY
Watertown,NY
Fort Drum,NY
Bismarck,ND
Dickinson,ND
Jamestown,ND
Minot,ND
Williston,ND
Fargo,ND
Grand Forks,ND
Wahpeton,ND
Cleveland,OH
Cincinnati,OH
Columbus,OH
Wooster,OH
Dayton,OH
Athens,OH
Akron,OH
Ashland,OH
Bellefontaine,OH
Bucyrus,OH
Cambridge,OH
Canton,OH
Massillon,OH
Celina,OH
Chillicothe,OH
Coshocton,OH
Kettering,OH
Beavercreek,OH
Defiance,OH
Findlay,OH
Fremont,OH
Gallipolis,OH
Greenville,OH
Lima,OH
Mansfield,OH
Marietta,OH
Marion,OH
Mount Vernon,OH
New Philadelphia,OH
Dover,OH
Norwalk,OH
Portsmouth,OH
Salem,OH
Sandusky,OH
Sidney,OH
Springfield,OH
Tiffin,OH
Toledo,OH
Urbana,OH
Van Wert,OH
Wapakoneta,OH
Washington Court House,OH
Wilmington,OH
Youngstown,OH
Warren,OH
Zanesville,OH
Indiana,PA
Bethlehem,PA
Meadville,PA
Allentown,PA
State College,PA
Carlisle,PA
Pittsburgh,PA
Lancaster,PA
Lewisburg,PA
Reading,PA
Altoona,PA
Bloomsburg,PA
Berwick,PA
Bradford,PA
Chambersburg,PA
DuBois,PA
East Stroudsburg,PA
Erie,PA
Gettysburg,PA
Harrisburg,PA
Hemlock Farms,PA
Hermitage,PA
Huntingdon,PA
Johnstown,PA
Lebanon,PA
Lewistown,PA
Lock Haven,PA
Oil City,PA
Pottsville,PA
Sayre,PA
Scranton,PA
Wilkes-Barre,PA
Selinsgrove,PA
Somerset,PA
St. Marys,PA
Sunbury,PA
Warren,PA
Williamsport,PA
York,PA
Hanover,PA
Barre,VT
Hartford,VT
Brattleboro,VT
Randolph,VT
Woodstock,VT
Essex Junction,VT
Colchester,VT
Milton,VT
Bennington,VT
Burlington,VT
St. Albans,VT
South Burlington,VT
Winooski,VT
Rutland,VT
Essex,VT
Chelsea,VT
Milwaukee,WI
La Crosse,WI
Appleton,WI
Stevens Point,WI
Eau Claire,WI
Oshkosh,WI
Sheboygan,WI
Baraboo,WI
Beaver Dam,WI
Fond du Lac,WI
Green Bay,WI
Beloit,WI
Janesville,WI
Kenosha,WI
Madison,WI
Manitowoc,WI
Menomonie,WI
Waukesha,WI
Neenah,WI
Platteville,WI
Racine,WI
Mount Pleasant,WI
Rice Lake,WI
Shawano,WI
Sparta,WI
Plover,WI
Watertown,WI
Fort Atkinson,WI
Wausau,WI
Whitewater,WI
Elkhorn,WI
Wisconsin Rapids,WI
Marshfield,WI
Marinette,WI
Onalaska,WI
